{"cameraMode":{"drawMode":0,"name":"Shaded","section":"Shading Mode"},"sceneLighting":false,"audioPlay":false,"sceneViewState":{"m_AlwaysRefresh":false,"showFog":true,"showSkybox":false,"showFlares":true,"showImageEffects":true,"showParticleSystems":true,"showVisualEffectGraphs":true,"m_FxEnabled":true},"in2DMode":false,"pivot":{"x":-0.2819366455078125,"y":1.1184312105178834,"z":-0.6765621304512024},"rotation":{"x":-0.01678229309618473,"y":-0.9829947352409363,"z":0.1398399919271469,"w":-0.11792496591806412},"size":1.4893362522125245,"orthographic":false}